{
  "info": {
    "_postman_id": "c525036f-d8b5-4a27-bfdb-22fc5ccd1f65",
    "name": "Employees Directory Scratchpad",
    "schema": "https://schema.getpostman.com/json/collection/v2.0.0/collection.json"
  },
  "item": [
    {
      "name": "Okta",
      "item": [
        {
          "name": "Get Token",
          "id": "0e592193-9f7f-45b7-9b7b-c7d370fa1cbe",
          "request": {
            "method": "POST",
            "header": [
              {
                "key": "content-type",
                "value": "application/x-www-form-urlencoded"
              },
              {
                "key": "accept",
                "value": "application/x-www-form-urlencoded, application/json"
              },
              {
                "key": "Authorization",
                "value": "Basic {{okta_auth}}"
              }
            ],
            "body": {
              "mode": "urlencoded",
              "urlencoded": [
                {
                  "key": "grant_type",
                  "value": "client_credentials",
                  "type": "text"
                },
                {
                  "key": "scope",
                  "value": "read:employees",
                  "type": "text"
                }
              ]
            },
            "url": "{{okta_scheme}}{{okta_domain}}/oauth2/default/v1/token",
            "description": "Generated from cURL: curl -s -X POST https://dev-redacted.okta.com/oauth2/default/v1/token -H \"content-type: application/x-www-form-urlencoded\" -H \"accept: application/x-www-form-urlencoded, application/json\" -H \"Authorization: Basic MG9hOHQ5ZHlyOTQ3TEdrYTc1ZDc6ZFNFMHVNd3l6SnlaQllieURrX3VnNGVMblNHaUVpVDlJUnQzNkk5aA==\" -d \"grant_type=client_credentials&scope=read%3Aemployees\""
          },
          "response": []
        }
      ],
      "id": "7cce7fed-5618-4c45-b167-01191f9ee798"
    },
    {
      "name": "Employees Directory Service",
      "item": [
        {
          "name": "Get All Employees",
          "event": [
            {
              "listen": "test",
              "script": {
                "type": "text/javascript",
                "exec": [
                  "pm.test(\"Check if the array has all expected properties\", () => {",
                  "",
                  "// Parse the response body as a JSON array",
                  "let body = pm.response.json();",
                  "",
                  "pm.expect(body).to.be.an('array');",
                  "",
                  "// Iterate through each item in the body array",
                  "body.forEach(item => {",
                  "    // Check if the item is an object",
                  "    pm.expect(item).to.be.an('object');",
                  "    // Check if the required properties exist in the object",
                  "    pm.expect(item).to.have.property('id');",
                  "    pm.expect(item).to.have.property('jobTitle');",
                  "    pm.expect(item).to.have.property('name');",
                  "    pm.expect(item).to.have.property('email');",
                  "});",
                  "\t",
                  "});",
                  "",
                  "pm.test('Check if status is 200', () => {",
                  "    pm.expect(pm.response.code).to.eql(200);",
                  "});"
                ]
              }
            }
          ],
          "id": "4cd8c9ed-b47b-45d8-b4f2-5aa495d2aee1",
          "request": {
            "method": "GET",
            "header": [
              {
                "key": "Authorization",
                "value": "Bearer {{access_token}}"
              }
            ],
            "url": "{{service_scheme}}{{service_subdomain}}.{{service_domain}}/api/employees",
            "description": "Generated from cURL: curl -s http://demo.redacted.com/api/employees -H \"Authorization: Bearer $TOKEN\""
          },
          "response": []
        },
        {
          "name": "Create Employee",
          "event": [
            {
              "listen": "test",
              "script": {
                "type": "text/javascript",
                "exec": [
                  "pm.test('Check if status is 201', () => {",
                  " pm.expect(pm.response.code).to.eql(201);",
                  "});"
                ]
              }
            }
          ],
          "id": "2fc57b68-4f10-458a-8ba7-46251d225719",
          "request": {
            "method": "POST",
            "header": [
              {
                "key": "Authorization",
                "value": "Bearer {{access_token}}"
              }
            ],
            "body": {
              "mode": "raw",
              "raw": "{\n    \"id\": \"1234\",\n    \"name\": \"John Doe\",\n    \"jobTitle\": \"Solutions Engineer\",\n    \"email\": \"john@email.com\"\n}",
              "options": {
                "raw": {
                  "language": "json"
                }
              }
            },
            "url": "{{service_scheme}}{{service_subdomain}}.{{service_domain}}/api/employees",
            "description": "Generated from cURL: curl -s -X POST http://demo.redacted.com/api/employees -H \"Authorization: Bearer $TOKEN\" -d '{\"id\": \"15\",\"name\": \"Jane Doe\",\"jobTitle\": \"Solutions Engineer\",\"email\": \"email.com\"}'"
          },
          "response": []
        },
        {
          "name": "Get Employee by ID",
          "event": [
            {
              "listen": "test",
              "script": {
                "type": "text/javascript",
                "exec": [
                  "pm.test(\"The response has all properties\", () => {",
                  "",
                  " const responseJson = pm.response.json();",
                  " pm.expect(responseJson.id).to.have.lengthOf(4);",
                  " pm.expect(responseJson.id).to.eql('1234');",
                  "\t",
                  " pm.expect(responseJson.name).to.be.a('string');",
                  " pm.expect(responseJson.name).to.eql('John Doe');",
                  "\t",
                  " pm.expect(responseJson.jobTitle).to.be.a('string');",
                  " pm.expect(responseJson.jobTitle).to.eql('Solutions Engineer');",
                  "",
                  " pm.expect(responseJson.email).to.be.a('string');",
                  " pm.expect(responseJson.email).to.eql('john@email.com');",
                  "",
                  "});",
                  "",
                  "pm.test('Check if status is 200', () => {",
                  "    pm.expect(pm.response.code).to.eql(200);",
                  "});"
                ]
              }
            }
          ],
          "id": "c50b8e91-e8a1-4b5a-921b-a11f5cb6aea6",
          "request": {
            "method": "GET",
            "header": [
              {
                "key": "Authorization",
                "value": "Bearer {{access_token}}"
              }
            ],
            "url": "{{service_scheme}}{{service_subdomain}}.{{service_domain}}/api/employees/1234",
            "description": "Generated from cURL: curl -s http://demo.redacted.com/api/employees/15 -H \"Authorization: Bearer $TOKEN\""
          },
          "response": []
        }
      ],
      "id": "19f002c5-ef98-44c1-815c-81726b0ac3ce",
      "description": "_Kong Insomnia demonstration_"
    }
  ]
}