{
  "id": "1bffa61a-7078-49ea-b163-4a94768d234b",
  "name": "Development",
  "values": [
    {
      "key": "okta_auth",
      "value": "redacted",
      "type": "default",
      "enabled": true
    },
    {
      "key": "service_scheme",
      "value": "http://",
      "type": "default",
      "enabled": true
    },
    {
      "key": "service_subdomain",
      "value": "api",
      "type": "default",
      "enabled": true
    },
    {
      "key": "service_domain",
      "value": "redacted.com",
      "type": "default",
      "enabled": true
    },
    {
      "key": "access_token",
      "value": "redacted.redacted.redacted",
      "type": "default",
      "enabled": true
    },
    {
      "key": "okta_domain",
      "value": "dev-redacted.okta.com",
      "type": "default",
      "enabled": true
    },
    {
      "key": "okta_scheme",
      "value": "https://",
      "type": "default",
      "enabled": true
    }
  ],
  "_postman_variable_scope": "environment"
}